date,forecast_best,Product ID
2024-12-28,5.308999061584473,P001
2024-12-29,5.239798545837402,P001
2024-12-30,5.260831832885742,P001
2024-12-31,5.352683067321777,P001
2025-01-01,5.354925155639648,P001
2025-01-02,5.407431602478027,P001
2025-01-03,5.520473480224609,P001
2025-01-04,5.585268020629883,P001
2025-01-05,5.594892501831055,P001
2025-01-06,5.606771469116211,P001
2025-01-07,5.618236541748047,P001
2025-01-08,5.627032279968262,P001
2025-01-09,5.635259628295898,P001
2025-01-10,5.641829490661621,P001
2025-01-11,5.645428657531738,P001
2025-01-12,5.647363662719727,P001
2025-01-13,5.6490254402160645,P001
2025-01-14,5.650343894958496,P001
2025-01-15,5.65132999420166,P001
2025-01-16,5.652063369750977,P001
2025-01-17,5.652568817138672,P001
2025-01-18,5.652899742126465,P001
2025-01-19,5.653133392333984,P001
2025-01-20,5.653311252593994,P001
2025-01-21,5.653443336486816,P001
2025-01-22,5.653537750244141,P001
2025-01-23,5.653605937957764,P001
2025-01-24,5.653652191162109,P001
2025-01-25,5.6536865234375,P001
2025-01-26,5.653709411621094,P001
2024-12-25,11.716300964355469,P002
2024-12-26,11.485191345214844,P002
2024-12-27,11.178736686706543,P002
2024-12-28,11.009834289550781,P002
2024-12-29,10.3984375,P002
2024-12-30,10.224308013916016,P002
2024-12-31,10.010331153869629,P002
2025-01-01,9.836434364318848,P002
2025-01-02,9.75546646118164,P002
2025-01-03,9.68482494354248,P002
2025-01-04,9.62614631652832,P002
2025-01-05,9.575575828552246,P002
2025-01-06,9.543540954589844,P002
2025-01-07,9.51785659790039,P002
2025-01-08,9.499128341674805,P002
2025-01-09,9.48588752746582,P002
2025-01-10,9.475486755371094,P002
2025-01-11,9.467501640319824,P002
2025-01-12,9.46148681640625,P002
2025-01-13,9.457110404968262,P002
2025-01-14,9.45380687713623,P002
2025-01-15,9.451348304748535,P002
2025-01-16,9.449511528015137,P002
2025-01-17,9.448119163513184,P002
2025-01-18,9.447073936462402,P002
2025-01-19,9.446293830871582,P002
2025-01-20,9.445711135864258,P002
2025-01-21,9.445274353027344,P002
2025-01-22,9.444947242736816,P002
2025-01-23,9.444701194763184,P002
2024-12-29,5.6208391189575195,P003
2024-12-30,5.6342058181762695,P003
2024-12-31,5.678014755249023,P003
2025-01-01,5.652752876281738,P003
2025-01-02,5.7129740715026855,P003
2025-01-03,5.656270980834961,P003
2025-01-04,5.711403846740723,P003
2025-01-05,5.7563676834106445,P003
2025-01-06,5.761716365814209,P003
2025-01-07,5.766361236572266,P003
2025-01-08,5.770081520080566,P003
2025-01-09,5.773348808288574,P003
2025-01-10,5.775831699371338,P003
2025-01-11,5.778399467468262,P003
2025-01-12,5.7798051834106445,P003
2025-01-13,5.780509948730469,P003
2025-01-14,5.781052589416504,P003
2025-01-15,5.781461238861084,P003
2025-01-16,5.781762599945068,P003
2025-01-17,5.781979560852051,P003
2025-01-18,5.782129287719727,P003
2025-01-19,5.782226085662842,P003
2025-01-20,5.782291412353516,P003
2025-01-21,5.782339572906494,P003
2025-01-22,5.782373428344727,P003
2025-01-23,5.782397270202637,P003
2025-01-24,5.782413005828857,P003
2025-01-25,5.782424449920654,P003
2025-01-26,5.7824320793151855,P003
2025-01-27,5.782438278198242,P003
2025-01-01,1.7367802470019158,P004
2025-01-02,1.930437699215062,P004
2025-01-03,1.8138457598790916,P004
2025-01-04,1.7330157559557124,P004
2025-01-05,2.137912731358534,P004
2025-01-06,1.5930205982943422,P004
2025-01-07,1.9396984159616175,P004
2025-01-08,1.949929516101045,P004
2025-01-09,2.195012342181721,P004
2025-01-10,2.124230044457965,P004
2025-01-11,2.0822740652067586,P004
2025-01-12,2.517966850597506,P004
2025-01-13,1.9948630787296697,P004
2025-01-14,2.3536362064528085,P004
2025-01-15,2.3658510916744957,P004
2025-01-16,2.6026707868895183,P004
2025-01-17,2.513533991242551,P004
2025-01-18,2.4435780747649316,P004
2025-01-19,2.8423527360503327,P004
2025-01-20,2.274403857169633,P004
2025-01-21,2.5816347791472696,P004
2025-01-22,2.5370464108776103,P004
2025-01-23,2.713405141622152,P004
2025-01-24,2.561876112691768,P004
2025-01-25,2.42939799430063,P004
2025-01-26,2.767345690154823,P004
2025-01-27,2.1420619850434175,P004
2025-01-28,2.3971668583854298,P004
2025-01-29,2.3072473811203325,P004
2025-01-30,2.4464786314836564,P004
2024-12-31,2.5465518657344792,P005
2025-01-01,2.6328142223326285,P005
2025-01-02,2.3370524585176704,P005
2025-01-03,2.805730063266775,P005
2025-01-04,3.4052744859503234,P005
2025-01-05,3.1422147568457595,P005
2025-01-06,2.9917485122399747,P005
2025-01-07,2.8134279167991645,P005
2025-01-08,2.88214750210931,P005
2025-01-09,2.563917911861855,P005
2025-01-10,3.005776646041379,P005
2025-01-11,3.574815722714211,P005
2025-01-12,3.2783028787293294,P005
2025-01-13,3.0922305893482447,P005
2025-01-14,2.8769828689248382,P005
2025-01-15,2.908303362627708,P005
2025-01-16,2.5530492193316743,P005
2025-01-17,2.95908233296662,P005
2025-01-18,3.4942783482638893,P005
2025-01-19,3.1666304997043633,P005
2025-01-20,2.952782970190659,P005
2025-01-21,2.7136840869615466,P005
2025-01-22,2.7255431609399037,P005
2025-01-23,2.355575689650095,P005
2025-01-24,2.7518886703626673,P005
2025-01-25,3.282486505178616,P005
2025-01-26,2.955374578463647,P005
2025-01-27,2.7470951317382166,P005
2025-01-28,2.5183856225680343,P005
2025-01-29,2.5451431779291545,P005
2024-12-30,2.0786997375374794,P006
2024-12-31,1.8998598678106666,P006
2025-01-01,2.3353976085924626,P006
2025-01-02,2.0191843503953892,P006
2025-01-03,1.8383661837301744,P006
2025-01-04,2.246400126634266,P006
2025-01-05,2.265655988416105,P006
2025-01-06,2.1742250882571237,P006
2025-01-07,2.011817895398874,P006
2025-01-08,2.4644618035688777,P006
2025-01-09,2.1656494623069342,P006
2025-01-10,2.0020906722086123,P006
2025-01-11,2.4267616587659084,P006
2025-01-12,2.461522198171095,P006
2025-01-13,2.383941322296536,P006
2025-01-14,2.2332131107472692,P006
2025-01-15,2.6948731743859407,P006
2025-01-16,2.401965615067126,P006
2025-01-17,2.240812821810974,P006
2025-01-18,2.6640812837884793,P006
2025-01-19,2.6934132927442462,P006
2025-01-20,2.606264715168192,P006
2025-01-21,2.4418298675491155,P006
2025-01-22,2.8857637137050167,P006
2025-01-23,2.571350886152285,P006
2025-01-24,2.385273722590236,P006
2025-01-25,2.7806724492468877,P006
2025-01-26,2.7797674591987827,P006
2025-01-27,2.6606840648100123,P006
2025-01-28,2.463361075625328,P006
2024-12-30,8.961932949945309,P007
2024-12-31,9.864019227454344,P007
2025-01-01,8.898651799157678,P007
2025-01-02,9.117471617386792,P007
2025-01-03,8.964697156754722,P007
2025-01-04,10.154441085989976,P007
2025-01-05,9.9024771176782,P007
2025-01-06,9.235471642912277,P007
2025-01-07,10.040422161070996,P007
2025-01-08,8.968835936653415,P007
2025-01-09,9.074920860390293,P007
2025-01-10,8.805650419686845,P007
2025-01-11,9.878006792508392,P007
2025-01-12,9.510671091067241,P007
2025-01-13,8.73317750339325,P007
2025-01-14,9.435275497891753,P007
2025-01-15,8.271035630595268,P007
2025-01-16,8.296972932828345,P007
2025-01-17,7.96205162188631,P007
2025-01-18,8.984876771952196,P007
2025-01-19,8.585343336023636,P007
2025-01-20,7.793760335346697,P007
2025-01-21,8.500195126608675,P007
2025-01-22,7.3585736888005595,P007
2025-01-23,7.424810959156287,P007
2025-01-24,7.146834662821147,P007
2025-01-25,8.241807637699257,P007
2025-01-26,7.927818092729627,P007
2025-01-27,7.233054376929347,P007
2025-01-28,8.045207681526424,P007
2024-12-28,9.370704650878906,P008
2024-12-29,9.445477485656738,P008
2024-12-30,9.517786979675293,P008
2024-12-31,9.499178886413574,P008
2025-01-01,9.304510116577148,P008
2025-01-02,9.193986892700195,P008
2025-01-03,9.086891174316406,P008
2025-01-04,8.98358154296875,P008
2025-01-05,8.952584266662598,P008
2025-01-06,8.917762756347656,P008
2025-01-07,8.879894256591797,P008
2025-01-08,8.843167304992676,P008
2025-01-09,8.815088272094727,P008
2025-01-10,8.792252540588379,P008
2025-01-11,8.774334907531738,P008
2025-01-12,8.76101303100586,P008
2025-01-13,8.749109268188477,P008
2025-01-14,8.738807678222656,P008
2025-01-15,8.730237007141113,P008
2025-01-16,8.723333358764648,P008
2025-01-17,8.71771240234375,P008
2025-01-18,8.713128089904785,P008
2025-01-19,8.709352493286133,P008
2025-01-20,8.706185340881348,P008
2025-01-21,8.703560829162598,P008
2025-01-22,8.701404571533203,P008
2025-01-23,8.699637413024902,P008
2025-01-24,8.6981840133667,P008
2025-01-25,8.69698715209961,P008
2025-01-26,8.69599723815918,P008
2024-12-27,5.926179885864258,P009
2024-12-28,5.932964324951172,P009
2024-12-29,5.971670627593994,P009
2024-12-30,5.850990295410156,P009
2024-12-31,5.842073440551758,P009
2025-01-01,5.793670177459717,P009
2025-01-02,5.785168170928955,P009
2025-01-03,5.698652267456055,P009
2025-01-04,5.689886569976807,P009
2025-01-05,5.680510520935059,P009
2025-01-06,5.669403076171875,P009
2025-01-07,5.662555694580078,P009
2025-01-08,5.655470848083496,P009
2025-01-09,5.6500701904296875,P009
2025-01-10,5.644975662231445,P009
2025-01-11,5.642913341522217,P009
2025-01-12,5.641110420227051,P009
2025-01-13,5.639598369598389,P009
2025-01-14,5.6384501457214355,P009
2025-01-15,5.637519359588623,P009
2025-01-16,5.636829376220703,P009
2025-01-17,5.636324882507324,P009
2025-01-18,5.63599157333374,P009
2025-01-19,5.6357269287109375,P009
2025-01-20,5.635519027709961,P009
2025-01-21,5.635361671447754,P009
2025-01-22,5.635242938995361,P009
2025-01-23,5.635155200958252,P009
2025-01-24,5.635091781616211,P009
2025-01-25,5.635044097900391,P009
2025-01-01,6.392203752410511,P010
2025-01-02,6.4890088344941494,P010
2025-01-03,6.686571893143192,P010
2025-01-04,6.863116691644137,P010
2025-01-05,7.355828022679841,P010
2025-01-06,6.123818194955425,P010
2025-01-07,7.243717135105647,P010
2025-01-08,6.702640448978982,P010
2025-01-09,6.784804016974117,P010
2025-01-10,6.95862246886924,P010
2025-01-11,7.103154745754312,P010
2025-01-12,7.556690247174606,P010
2025-01-13,6.279674526979543,P010
2025-01-14,7.350251415387527,P010
2025-01-15,6.757177506856873,P010
2025-01-16,6.786379355774473,P010
2025-01-17,6.907992608994868,P010
2025-01-18,7.002748223536189,P010
2025-01-19,7.410501204312726,P010
2025-01-20,6.093102697267118,P010
2025-01-21,7.129894064325792,P010
2025-01-22,6.510580449773033,P010
2025-01-23,6.521755522745372,P010
2025-01-24,6.633917697156507,P010
2025-01-25,6.727843745672579,P010
2025-01-26,7.143115681844039,P010
2025-01-27,5.841001841841749,P010
2025-01-28,6.899970540764908,P010
2025-01-29,6.3085932214044735,P010
2025-01-30,6.3521078651588025,P010
2024-12-28,5.829069507583648,P011
2024-12-29,6.265767779696976,P011
2024-12-30,5.642865171017124,P011
2024-12-31,6.3165524165032885,P011
2025-01-01,5.97763256622316,P011
2025-01-02,5.419789375262491,P011
2025-01-03,5.874148068015391,P011
2025-01-04,5.63733402450759,P011
2025-01-05,6.0442815199738655,P011
2025-01-06,5.401946759705999,P011
2025-01-07,6.06753319371998,P011
2025-01-08,5.732491572754788,P011
2025-01-09,5.190750102975082,P011
2025-01-10,5.673249370898452,P011
2025-01-11,5.475988877952714,P011
2025-01-12,5.932838195367389,P011
2025-01-13,5.3492674100236215,P011
2025-01-14,6.080604799164192,P011
2025-01-15,5.816083663598463,P011
2025-01-16,5.347132664708008,P011
2025-01-17,5.901982864597008,P011
2025-01-18,5.773796411896639,P011
2025-01-19,6.293567610957545,P011
2025-01-20,5.7639484578599856,P011
2025-01-21,6.537603752590215,P011
2025-01-22,6.301354728380132,P011
2025-01-23,5.844562483519569,P011
2025-01-24,6.393821375525773,P011
2025-01-25,6.241164395297609,P011
2025-01-26,6.717028540353158,P011
2024-12-30,6.723452415134006,P012
2024-12-31,6.582797822887933,P012
2025-01-01,6.90969350375698,P012
2025-01-02,6.273761443197124,P012
2025-01-03,5.886058044650345,P012
2025-01-04,7.039632369701682,P012
2025-01-05,7.333669415698544,P012
2025-01-06,5.477043465310479,P012
2025-01-07,5.258763407194291,P012
2025-01-08,5.540521472874811,P012
2025-01-09,4.892763288209177,P012
2025-01-10,4.526445629827734,P012
2025-01-11,5.733603499540182,P012
2025-01-12,6.111528815601618,P012
2025-01-13,4.366384739213309,P012
2025-01-14,4.283735770717971,P012
2025-01-15,4.72120259705788,P012
2025-01-16,4.244656496187078,P012
2025-01-17,4.060116055602551,P012
2025-01-18,5.454463748906029,P012
2025-01-19,6.019780281872629,P012
2025-01-20,4.457116147894364,P012
2025-01-21,4.547175891085184,P012
2025-01-22,5.143119499997533,P012
2025-01-23,4.806891389905369,P012
2025-01-24,4.74123572211167,P012
2025-01-25,6.2305120522866915,P012
2025-01-26,6.865106229825884,P012
2025-01-27,5.345253649862089,P012
2025-01-28,5.451748740145925,P012
2024-12-30,2.4295997619628906,P013
2024-12-31,2.531102180480957,P013
2025-01-01,2.530689001083374,P013
2025-01-02,2.587207317352295,P013
2025-01-03,2.6463117599487305,P013
2025-01-04,2.7074081897735596,P013
2025-01-05,2.7672500610351562,P013
2025-01-06,2.828472375869751,P013
2025-01-07,2.866825819015503,P013
2025-01-08,2.900373935699463,P013
2025-01-09,2.934999942779541,P013
2025-01-10,2.96718430519104,P013
2025-01-11,2.9965641498565674,P013
2025-01-12,3.023059844970703,P013
2025-01-13,3.046384811401367,P013
2025-01-14,3.0667858123779297,P013
2025-01-15,3.0854568481445312,P013
2025-01-16,3.1025843620300293,P013
2025-01-17,3.1181201934814453,P013
2025-01-18,3.1321520805358887,P013
2025-01-19,3.144808292388916,P013
2025-01-20,3.156212568283081,P013
2025-01-21,3.166520833969116,P013
2025-01-22,3.1758761405944824,P013
2025-01-23,3.184354782104492,P013
2025-01-24,3.1920266151428223,P013
2025-01-25,3.1989665031433105,P013
2025-01-26,3.2052454948425293,P013
2025-01-27,3.2109293937683105,P013
2025-01-28,3.216076374053955,P013
2025-01-01,2.6045942306518555,P014
2025-01-02,2.6617486476898193,P014
2025-01-03,2.5629723072052,P014
2025-01-04,2.6232593059539795,P014
2025-01-05,2.683642625808716,P014
2025-01-06,2.8130407333374023,P014
2025-01-07,2.8047499656677246,P014
2025-01-08,2.8727502822875977,P014
2025-01-09,2.8995940685272217,P014
2025-01-10,2.924304723739624,P014
2025-01-11,2.9577856063842773,P014
2025-01-12,2.988921642303467,P014
2025-01-13,3.017983913421631,P014
2025-01-14,3.038064479827881,P014
2025-01-15,3.0607666969299316,P014
2025-01-16,3.079312324523926,P014
2025-01-17,3.0969293117523193,P014
2025-01-18,3.1137959957122803,P014
2025-01-19,3.1290576457977295,P014
2025-01-20,3.1428442001342773,P014
2025-01-21,3.155149459838867,P014
2025-01-22,3.166720151901245,P014
2025-01-23,3.1772384643554688,P014
2025-01-24,3.186957836151123,P014
2025-01-25,3.195897102355957,P014
2025-01-26,3.20405912399292,P014
2025-01-27,3.2115230560302734,P014
2025-01-28,3.21836256980896,P014
2025-01-29,3.224658250808716,P014
2025-01-30,3.2304317951202393,P014
2024-12-26,5.876360893249512,P015
2024-12-27,5.815316677093506,P015
2024-12-28,5.740170955657959,P015
2024-12-29,5.227908611297607,P015
2024-12-30,4.884481906890869,P015
2024-12-31,4.9336042404174805,P015
2025-01-01,4.578425884246826,P015
2025-01-02,4.606895446777344,P015
2025-01-03,4.4824090003967285,P015
2025-01-04,4.356861591339111,P015
2025-01-05,4.23140287399292,P015
2025-01-06,4.141058921813965,P015
2025-01-07,4.070798873901367,P015
2025-01-08,3.9933671951293945,P015
2025-01-09,3.9380946159362793,P015
2025-01-10,3.8773019313812256,P015
2025-01-11,3.8225796222686768,P015
2025-01-12,3.774402141571045,P015
2025-01-13,3.7332510948181152,P015
2025-01-14,3.6964271068573,P015
2025-01-15,3.662731170654297,P015
2025-01-16,3.632997751235962,P015
2025-01-17,3.605748176574707,P015
2025-01-18,3.5815203189849854,P015
2025-01-19,3.559907913208008,P015
2025-01-20,3.540682077407837,P015
2025-01-21,3.523447275161743,P015
2025-01-22,3.5079922676086426,P015
2025-01-23,3.494183301925659,P015
2025-01-24,3.4818131923675537,P015
2025-01-01,2.1025008991406176,P016
2025-01-02,2.2352714065660044,P016
2025-01-03,2.4269791231572064,P016
2025-01-04,3.1179552544613633,P016
2025-01-05,2.4398222103473834,P016
2025-01-06,1.9042214687237038,P016
2025-01-07,2.2707025502377762,P016
2025-01-08,1.9127313398597998,P016
2025-01-09,2.055059585401013,P016
2025-01-10,2.261297889837415,P016
2025-01-11,2.971361466706548,P016
2025-01-12,2.3163402297860562,P016
2025-01-13,1.8072429911677086,P016
2025-01-14,2.2029054293706034,P016
2025-01-15,1.8760194877176182,P016
2025-01-16,2.050525402305248,P016
2025-01-17,2.2892080100981596,P016
2025-01-18,3.0311659243619404,P016
2025-01-19,2.4067044714494563,P016
2025-01-20,1.926101510586292,P016
2025-01-21,2.3475351900877737,P016
2025-01-22,2.0431307534792937,P016
2025-01-23,2.2363671255940045,P016
2025-01-24,2.489684550376958,P016
2025-01-25,3.241961589571376,P016
2025-01-26,2.6234122062137955,P016
2025-01-27,2.144351996201342,P016
2025-01-28,2.563122674944327,P016
2025-01-29,2.252132095210243,P016
2025-01-30,2.435250791299425,P016
2024-12-31,4.100863369601382,P017
2025-01-01,3.775771439351139,P017
2025-01-02,4.0125338254002445,P017
2025-01-03,3.9300847518548037,P017
2025-01-04,4.210254098575683,P017
2025-01-05,4.084201806133522,P017
2025-01-06,4.090900935349484,P017
2025-01-07,4.425758044278137,P017
2025-01-08,4.01041328454128,P017
2025-01-09,4.1520572140466365,P017
2025-01-10,3.971849192429396,P017
2025-01-11,4.153906193111147,P017
2025-01-12,3.931679047925557,P017
2025-01-13,3.846377355956812,P017
2025-01-14,4.095533282069062,P017
2025-01-15,3.6027481611929435,P017
2025-01-16,3.6769603290951935,P017
2025-01-17,3.440820340296946,P017
2025-01-18,3.5796435365497756,P017
2025-01-19,3.327757916184543,P017
2025-01-20,3.226909250152554,P017
2025-01-21,3.4748141459737774,P017
2025-01-22,2.994905200784583,P017
2025-01-23,3.0956066344994477,P017
2025-01-24,2.89872628142181,P017
2025-01-25,3.0884333785193467,P017
2025-01-26,2.8976393489140753,P017
2025-01-27,2.866442570736618,P017
2025-01-28,3.1907267010367435,P017
2025-01-29,2.791955421640643,P017
2024-12-23,4.113797187805176,P018
2024-12-24,3.959425926208496,P018
2024-12-25,4.012033939361572,P018
2024-12-26,3.8951101303100586,P018
2024-12-27,3.94054913520813,P018
2024-12-28,3.7561533451080322,P018
2024-12-29,3.8819141387939453,P018
2024-12-30,3.7548136711120605,P018
2024-12-31,3.7326340675354004,P018
2025-01-01,3.7179102897644043,P018
2025-01-02,3.6994128227233887,P018
2025-01-03,3.6868648529052734,P018
2025-01-04,3.6717114448547363,P018
2025-01-05,3.665651321411133,P018
2025-01-06,3.652451992034912,P018
2025-01-07,3.646092414855957,P018
2025-01-08,3.6407532691955566,P018
2025-01-09,3.636042594909668,P018
2025-01-10,3.6321969032287598,P018
2025-01-11,3.6289188861846924,P018
2025-01-12,3.6263227462768555,P018
2025-01-13,3.6239516735076904,P018
2025-01-14,3.622227668762207,P018
2025-01-15,3.620784044265747,P018
2025-01-16,3.619577407836914,P018
2025-01-17,3.6185834407806396,P018
2025-01-18,3.6177620887756348,P018
2025-01-19,3.6170873641967773,P018
2025-01-20,3.616529941558838,P018
2025-01-21,3.616081476211548,P018
2024-12-28,5.295494556427002,P019
2024-12-29,5.251952648162842,P019
2024-12-30,5.399397373199463,P019
2024-12-31,5.708553314208984,P019
2025-01-01,5.910777568817139,P019
2025-01-02,6.0524187088012695,P019
2025-01-03,6.013399600982666,P019
2025-01-04,6.104086399078369,P019
2025-01-05,6.180319309234619,P019
2025-01-06,6.261650562286377,P019
2025-01-07,6.33538818359375,P019
2025-01-08,6.391334056854248,P019
2025-01-09,6.436227321624756,P019
2025-01-10,6.474245071411133,P019
2025-01-11,6.5163044929504395,P019
2025-01-12,6.553989887237549,P019
2025-01-13,6.588002681732178,P019
2025-01-14,6.61790132522583,P019
2025-01-15,6.644099235534668,P019
2025-01-16,6.6676554679870605,P019
2025-01-17,6.6891937255859375,P019
2025-01-18,6.709044933319092,P019
2025-01-19,6.726871490478516,P019
2025-01-20,6.742885112762451,P019
2025-01-21,6.757336616516113,P019
2025-01-22,6.7703728675842285,P019
2025-01-23,6.782181262969971,P019
2025-01-24,6.7928853034973145,P019
2025-01-25,6.802576065063477,P019
2025-01-26,6.811324119567871,P019
2024-12-28,6.094264030456543,P020
2024-12-29,6.279949188232422,P020
2024-12-30,6.2454118728637695,P020
2024-12-31,6.028014659881592,P020
2025-01-01,5.955195426940918,P020
2025-01-02,6.064355850219727,P020
2025-01-03,6.284147262573242,P020
2025-01-04,6.502385139465332,P020
2025-01-05,6.544525623321533,P020
2025-01-06,6.580170631408691,P020
2025-01-07,6.6220383644104,P020
2025-01-08,6.678101062774658,P020
2025-01-09,6.738924026489258,P020
2025-01-10,6.7937750816345215,P020
2025-01-11,6.8365912437438965,P020
2025-01-12,6.868007659912109,P020
2025-01-13,6.898019313812256,P020
2025-01-14,6.926741600036621,P020
2025-01-15,6.953614711761475,P020
2025-01-16,6.977725505828857,P020
2025-01-17,6.998776435852051,P020
2025-01-18,7.017107009887695,P020
2025-01-19,7.033385276794434,P020
2025-01-20,7.048210144042969,P020
2025-01-21,7.061612129211426,P020
2025-01-22,7.073624610900879,P020
2025-01-23,7.0843305587768555,P020
2025-01-24,7.09384822845459,P020
2025-01-25,7.102343559265137,P020
2025-01-26,7.10996150970459,P020
2024-12-31,2.280555248260498,P021
2025-01-01,2.272698163986206,P021
2025-01-02,2.2942779064178467,P021
2025-01-03,2.3140039443969727,P021
2025-01-04,2.267470121383667,P021
2025-01-05,2.250016689300537,P021
2025-01-06,2.2580316066741943,P021
2025-01-07,2.2332763671875,P021
2025-01-08,2.232326030731201,P021
2025-01-09,2.23234486579895,P021
2025-01-10,2.2325329780578613,P021
2025-01-11,2.23095703125,P021
2025-01-12,2.2303338050842285,P021
2025-01-13,2.2304463386535645,P021
2025-01-14,2.2297263145446777,P021
2025-01-15,2.229670286178589,P021
2025-01-16,2.2296488285064697,P021
2025-01-17,2.2296383380889893,P021
2025-01-18,2.229586362838745,P021
2025-01-19,2.2295641899108887,P021
2025-01-20,2.2295632362365723,P021
2025-01-21,2.2295420169830322,P021
2025-01-22,2.229539155960083,P021
2025-01-23,2.2295377254486084,P021
2025-01-24,2.229537010192871,P021
2025-01-25,2.2295351028442383,P021
2025-01-26,2.229534149169922,P021
2025-01-27,2.229534149169922,P021
2025-01-28,2.2295336723327637,P021
2025-01-29,2.2295336723327637,P021
2024-12-31,2.027595043182373,P022
2025-01-01,2.028623580932617,P022
2025-01-02,2.0517349243164062,P022
2025-01-03,2.056694507598877,P022
2025-01-04,2.0919978618621826,P022
2025-01-05,2.114391803741455,P022
2025-01-06,2.120781898498535,P022
2025-01-07,2.095010757446289,P022
2025-01-08,2.0961415767669678,P022
2025-01-09,2.0975728034973145,P022
2025-01-10,2.098590612411499,P022
2025-01-11,2.0996975898742676,P022
2025-01-12,2.100033760070801,P022
2025-01-13,2.0997023582458496,P022
2025-01-14,2.099119186401367,P022
2025-01-15,2.0992064476013184,P022
2025-01-16,2.0992770195007324,P022
2025-01-17,2.0993213653564453,P022
2025-01-18,2.0993430614471436,P022
2025-01-19,2.099337339401245,P022
2025-01-20,2.0993199348449707,P022
2025-01-21,2.0993094444274902,P022
2025-01-22,2.099313497543335,P022
2025-01-23,2.099316120147705,P022
2025-01-24,2.0993175506591797,P022
2025-01-25,2.0993175506591797,P022
2025-01-26,2.0993165969848633,P022
2025-01-27,2.099316120147705,P022
2025-01-28,2.099316120147705,P022
2025-01-29,2.099316120147705,P022
2025-01-01,10.325371452520073,P023
2025-01-02,9.756087543124508,P023
2025-01-03,10.206073870640765,P023
2025-01-04,13.154015469779749,P023
2025-01-05,10.870846352114743,P023
2025-01-06,10.33486423218491,P023
2025-01-07,10.481443408567097,P023
2025-01-08,9.624105252471853,P023
2025-01-09,8.979256148089366,P023
2025-01-10,9.363901673339242,P023
2025-01-11,12.256015649018643,P023
2025-01-12,9.925675716269641,P023
2025-01-13,9.350224386656379,P023
2025-01-14,9.4640290318054,P023
2025-01-15,8.57959875770431,P023
2025-01-16,7.912366558489727,P023
2025-01-17,8.278444189030724,P023
2025-01-18,11.155027171968563,P023
2025-01-19,8.81156055756702,P023
2025-01-20,8.224923537046195,P023
2025-01-21,8.329205752453232,P023
2025-01-22,7.436832858496836,P023
2025-01-23,6.763349583427483,P023
2025-01-24,7.125167823198932,P023
2025-01-25,9.999957515148708,P023
2025-01-26,7.657791463078799,P023
2025-01-27,7.076302970620093,P023
2025-01-28,7.190430060158108,P023
2025-01-29,6.313504914484405,P023
2025-01-30,5.661997983834537,P023
2025-01-01,12.890787479096229,P024
2025-01-02,12.597343562112293,P024
2025-01-03,12.768167049210428,P024
2025-01-04,12.702395652123393,P024
2025-01-05,14.015061452922192,P024
2025-01-06,12.524889845671465,P024
2025-01-07,11.961873707576407,P024
2025-01-08,12.066931249156374,P024
2025-01-09,11.585763667607011,P024
2025-01-10,11.594293498316317,P024
2025-01-11,11.393412861433966,P024
2025-01-12,12.599304694002106,P024
2025-01-13,11.031225431237843,P024
2025-01-14,10.419077260177573,P024
2025-01-15,10.503078515486257,P024
2025-01-16,10.027648105792066,P024
2025-01-17,10.0668842739015,P024
2025-01-18,9.919365950590814,P024
2025-01-19,11.198538528351161,P024
2025-01-20,9.720570955718665,P024
2025-01-21,9.212010449713546,P024
2025-01-22,9.409541351624965,P024
2025-01-23,9.053961800832353,P024
2025-01-24,9.215756202946597,P024
2025-01-25,9.189989370403728,P024
2025-01-26,10.586781787190601,P024
2025-01-27,9.219250592631756,P024
2025-01-28,8.811240406269802,P024
2025-01-29,9.097148531783661,P024
2025-01-30,8.815956470151761,P024
2024-12-31,17.881824493408203,P025
2025-01-01,17.577787399291992,P025
2025-01-02,17.11917495727539,P025
2025-01-03,16.07115364074707,P025
2025-01-04,14.268141746520996,P025
2025-01-05,13.274395942687988,P025
2025-01-06,13.106180191040039,P025
2025-01-07,12.493762016296387,P025
2025-01-08,12.104438781738281,P025
2025-01-09,11.736642837524414,P025
2025-01-10,11.396971702575684,P025
2025-01-11,11.108471870422363,P025
2025-01-12,10.899214744567871,P025
2025-01-13,10.734420776367188,P025
2025-01-14,10.580350875854492,P025
2025-01-15,10.454516410827637,P025
2025-01-16,10.347334861755371,P025
2025-01-17,10.257489204406738,P025
2025-01-18,10.183399200439453,P025
2025-01-19,10.122604370117188,P025
2025-01-20,10.07161808013916,P025
2025-01-21,10.028446197509766,P025
2025-01-22,9.992469787597656,P025
2025-01-23,9.962386131286621,P025
2025-01-24,9.937308311462402,P025
2025-01-25,9.916417121887207,P025
2025-01-26,9.89898681640625,P025
2025-01-27,9.884401321411133,P025
2025-01-28,9.872200965881348,P025
2025-01-29,9.862019538879395,P025
2025-01-01,5.76399564743042,P026
2025-01-02,5.728367328643799,P026
2025-01-03,5.7133331298828125,P026
2025-01-04,5.744964122772217,P026
2025-01-05,5.771734237670898,P026
2025-01-06,5.794407367706299,P026
2025-01-07,5.850174427032471,P026
2025-01-08,5.850772380828857,P026
2025-01-09,5.853609561920166,P026
2025-01-10,5.856389045715332,P026
2025-01-11,5.858926773071289,P026
2025-01-12,5.860815048217773,P026
2025-01-13,5.862179279327393,P026
2025-01-14,5.863124370574951,P026
2025-01-15,5.863398551940918,P026
2025-01-16,5.863628387451172,P026
2025-01-17,5.863800525665283,P026
2025-01-18,5.863921642303467,P026
2025-01-19,5.86400032043457,P026
2025-01-20,5.864050388336182,P026
2025-01-21,5.864080905914307,P026
2025-01-22,5.864098072052002,P026
2025-01-23,5.864109039306641,P026
2025-01-24,5.86411714553833,P026
2025-01-25,5.86412239074707,P026
2025-01-26,5.8641252517700195,P026
2025-01-27,5.8641276359558105,P026
2025-01-28,5.864129066467285,P026
2025-01-29,5.864130020141602,P026
2025-01-30,5.86413049697876,P026
2024-12-31,3.493859052658081,P027
2025-01-01,3.544992208480835,P027
2025-01-02,3.505357265472412,P027
2025-01-03,3.52677059173584,P027
2025-01-04,3.5468852519989014,P027
2025-01-05,3.537755012512207,P027
2025-01-06,3.5291028022766113,P027
2025-01-07,3.5776398181915283,P027
2025-01-08,3.581319808959961,P027
2025-01-09,3.5834522247314453,P027
2025-01-10,3.586634635925293,P027
2025-01-11,3.589129686355591,P027
2025-01-12,3.59096622467041,P027
2025-01-13,3.593019962310791,P027
2025-01-14,3.5952401161193848,P027
2025-01-15,3.595970630645752,P027
2025-01-16,3.596572160720825,P027
2025-01-17,3.5970921516418457,P027
2025-01-18,3.597503423690796,P027
2025-01-19,3.5978281497955322,P027
2025-01-20,3.5980892181396484,P027
2025-01-21,3.598281145095825,P027
2025-01-22,3.5984013080596924,P027
2025-01-23,3.5984978675842285,P027
2025-01-24,3.5985727310180664,P027
2025-01-25,3.598630428314209,P027
2025-01-26,3.5986742973327637,P027
2025-01-27,3.598706007003784,P027
2025-01-28,3.5987305641174316,P027
2025-01-29,3.598748207092285,P027
2025-01-01,8.251140594482422,P028
2025-01-02,8.294452667236328,P028
2025-01-03,8.342622756958008,P028
2025-01-04,8.388607025146484,P028
2025-01-05,8.290733337402344,P028
2025-01-06,8.221659660339355,P028
2025-01-07,8.239395141601562,P028
2025-01-08,8.338376998901367,P028
2025-01-09,8.343385696411133,P028
2025-01-10,8.347108840942383,P028
2025-01-11,8.349349975585938,P028
2025-01-12,8.349908828735352,P028
2025-01-13,8.353011131286621,P028
2025-01-14,8.357868194580078,P028
2025-01-15,8.36215591430664,P028
2025-01-16,8.363387107849121,P028
2025-01-17,8.364412307739258,P028
2025-01-18,8.36526870727539,P028
2025-01-19,8.366005897521973,P028
2025-01-20,8.36668586730957,P028
2025-01-21,8.3672456741333,P028
2025-01-22,8.367640495300293,P028
2025-01-23,8.36789321899414,P028
2025-01-24,8.368097305297852,P028
2025-01-25,8.36826229095459,P028
2025-01-26,8.368391990661621,P028
2025-01-27,8.368494033813477,P028
2025-01-28,8.368574142456055,P028
2025-01-29,8.368631362915039,P028
2025-01-30,8.368674278259277,P028
2024-12-28,2.659956693649292,P029
2024-12-29,2.6713011264801025,P029
2024-12-30,2.613281488418579,P029
2024-12-31,2.513049840927124,P029
2025-01-01,2.520042896270752,P029
2025-01-02,2.5277440547943115,P029
2025-01-03,2.389631986618042,P029
2025-01-04,2.3267366886138916,P029
2025-01-05,2.31056547164917,P029
2025-01-06,2.2947120666503906,P029
2025-01-07,2.2814724445343018,P029
2025-01-08,2.27176833152771,P029
2025-01-09,2.2621941566467285,P029
2025-01-10,2.252655029296875,P029
2025-01-11,2.247390031814575,P029
2025-01-12,2.244143009185791,P029
2025-01-13,2.241494655609131,P029
2025-01-14,2.2394042015075684,P029
2025-01-15,2.2377753257751465,P029
2025-01-16,2.236480951309204,P029
2025-01-17,2.235501766204834,P029
2025-01-18,2.2348318099975586,P029
2025-01-19,2.2343382835388184,P029
2025-01-20,2.2339563369750977,P029
2025-01-21,2.2336642742156982,P029
2025-01-22,2.233442544937134,P029
2025-01-23,2.2332751750946045,P029
2025-01-24,2.2331511974334717,P029
2025-01-25,2.233059883117676,P029
2025-01-26,2.2329907417297363,P029
2024-12-29,10.842876431240063,P030
2024-12-30,9.794324155341368,P030
2024-12-31,10.64550904424471,P030
2025-01-01,9.874917356658948,P030
2025-01-02,9.126449031029653,P030
2025-01-03,9.338315467918024,P030
2025-01-04,10.102670835827748,P030
2025-01-05,10.532852875017197,P030
2025-01-06,9.52177771380329,P030
2025-01-07,10.411356871397857,P030
2025-01-08,9.679477478136409,P030
2025-01-09,8.969488728818476,P030
2025-01-10,9.219103833634284,P030
2025-01-11,10.020033293249575,P030
2025-01-12,10.485225635491632,P030
2025-01-13,9.507260364212344,P030
2025-01-14,10.427761592526666,P030
2025-01-15,9.724373738875071,P030
2025-01-16,9.040242683499537,P030
2025-01-17,9.312912050123748,P030
2025-01-18,10.133950841580406,P030
2025-01-19,10.616188954100267,P030
2025-01-20,9.652105676880183,P030
2025-01-21,10.58323995943358,P030
2025-01-22,9.88716407557995,P030
2025-01-23,9.206964261667418,P030
2025-01-24,9.480138094232911,P030
2025-01-25,10.298224851360091,P030
2025-01-26,10.77404531013964,P030
2025-01-27,9.800095927782923,P030
2025-01-01,11.821761131286621,P031
2025-01-02,11.9122953414917,P031
2025-01-03,11.913071632385254,P031
2025-01-04,11.893869400024414,P031
2025-01-05,11.722766876220703,P031
2025-01-06,11.400796890258789,P031
2025-01-07,11.094762802124023,P031
2025-01-08,11.128771781921387,P031
2025-01-09,11.098904609680176,P031
2025-01-10,11.064652442932129,P031
2025-01-11,11.030564308166504,P031
2025-01-12,10.997264862060547,P031
2025-01-13,10.969858169555664,P031
2025-01-14,10.95366382598877,P031
2025-01-15,10.947733879089355,P031
2025-01-16,10.940528869628906,P031
2025-01-17,10.93431282043457,P031
2025-01-18,10.92928695678711,P031
2025-01-19,10.92542552947998,P031
2025-01-20,10.922686576843262,P031
2025-01-21,10.92086410522461,P031
2025-01-22,10.919575691223145,P031
2025-01-23,10.91848087310791,P031
2025-01-24,10.91762924194336,P031
2025-01-25,10.916986465454102,P031
2025-01-26,10.916516304016113,P031
2025-01-27,10.916169166564941,P031
2025-01-28,10.915916442871094,P031
2025-01-29,10.915724754333496,P031
2025-01-30,10.915576934814453,P031
2024-12-31,9.21030170486365,P032
2025-01-01,9.407836341189334,P032
2025-01-02,7.854097501636602,P032
2025-01-03,8.448416864116151,P032
2025-01-04,8.636878122286161,P032
2025-01-05,8.657218396004652,P032
2025-01-06,7.763810529044866,P032
2025-01-07,8.30634878089506,P032
2025-01-08,8.654319398597881,P032
2025-01-09,7.266457290602098,P032
2025-01-10,8.036318924517992,P032
2025-01-11,8.404048883099009,P032
2025-01-12,8.601470535102232,P032
2025-01-13,7.877254603825849,P032
2025-01-14,8.575782266514317,P032
2025-01-15,9.061778710539569,P032
2025-01-16,7.789913297029501,P032
2025-01-17,8.650492030088653,P032
2025-01-18,9.081316128485408,P032
2025-01-19,9.312834418079953,P032
2025-01-20,8.59334157310247,P032
2025-01-21,9.26783812133188,P032
2025-01-22,9.70262847777081,P032
2025-01-23,8.35485453908229,P032
2025-01-24,9.118092914673255,P032
2025-01-25,9.434092886827463,P032
2025-01-26,9.537786923303303,P032
2025-01-27,8.682330551874653,P032
2025-01-28,9.217792814219125,P032
2025-01-29,9.515579215004614,P032
2024-12-31,14.057509422302246,P033
2025-01-01,14.014463424682617,P033
2025-01-02,13.628423690795898,P033
2025-01-03,13.463676452636719,P033
2025-01-04,13.54614543914795,P033
2025-01-05,12.576669692993164,P033
2025-01-06,12.592976570129395,P033
2025-01-07,12.251469612121582,P033
2025-01-08,12.051579475402832,P033
2025-01-09,11.83599853515625,P033
2025-01-10,11.636503219604492,P033
2025-01-11,11.442883491516113,P033
2025-01-12,11.224386215209961,P033
2025-01-13,11.07790756225586,P033
2025-01-14,10.917909622192383,P033
2025-01-15,10.77596378326416,P033
2025-01-16,10.640941619873047,P033
2025-01-17,10.51487922668457,P033
2025-01-18,10.397422790527344,P033
2025-01-19,10.287636756896973,P033
2025-01-20,10.18862247467041,P033
2025-01-21,10.09510326385498,P033
2025-01-22,10.008609771728516,P033
2025-01-23,9.928128242492676,P033
2025-01-24,9.85348892211914,P033
2025-01-25,9.784329414367676,P033
2025-01-26,9.72027587890625,P033
2025-01-27,9.661018371582031,P033
2025-01-28,9.605990409851074,P033
2025-01-29,9.555045127868652,P033
2025-01-01,5.021016792608005,P034
2025-01-02,5.545460765898622,P034
2025-01-03,4.592426207887674,P034
2025-01-04,5.530305350578027,P034
2025-01-05,5.285640984764994,P034
2025-01-06,3.8658789691757818,P034
2025-01-07,3.60944348114154,P034
2025-01-08,4.453215151481232,P034
2025-01-09,4.925755214048,P034
2025-01-10,3.9349968662827153,P034
2025-01-11,4.850646699088442,P034
2025-01-12,4.600195799682181,P034
2025-01-13,3.1916438547842505,P034
2025-01-14,2.9635558115352922,P034
2025-01-15,3.8525317849236167,P034
2025-01-16,4.3864336188638,P034
2025-01-17,3.4720892967182975,P034
2025-01-18,4.477717780929057,P034
2025-01-19,4.3289733357068165,P034
2025-01-20,3.031711853122968,P034
2025-01-21,2.922097696955152,P034
2025-01-22,3.9341305010402774,P034
2025-01-23,4.592933900966029,P034
2025-01-24,3.802525828277197,P034
2025-01-25,4.928311282412526,P034
2025-01-26,4.893194916357778,P034
2025-01-27,3.7004142294792994,P034
2025-01-28,3.683710191606675,P034
2025-01-29,4.774913125299668,P034
2025-01-30,5.497284337912009,P034
2024-12-28,8.151603698730469,P035
2024-12-29,7.728245258331299,P035
2024-12-30,7.872838497161865,P035
2024-12-31,8.070813179016113,P035
2025-01-01,8.349823951721191,P035
2025-01-02,8.385849952697754,P035
2025-01-03,8.587015151977539,P035
2025-01-04,8.633328437805176,P035
2025-01-05,8.676161766052246,P035
2025-01-06,8.743782043457031,P035
2025-01-07,8.805538177490234,P035
2025-01-08,8.856169700622559,P035
2025-01-09,8.893478393554688,P035
2025-01-10,8.929069519042969,P035
2025-01-11,8.954522132873535,P035
2025-01-12,8.978096008300781,P035
2025-01-13,8.999810218811035,P035
2025-01-14,9.018208503723145,P035
2025-01-15,9.033537864685059,P035
2025-01-16,9.046415328979492,P035
2025-01-17,9.05749225616455,P035
2025-01-18,9.066851615905762,P035
2025-01-19,9.07499885559082,P035
2025-01-20,9.082012176513672,P035
2025-01-21,9.087964057922363,P035
2025-01-22,9.09302043914795,P035
2025-01-23,9.097336769104004,P035
2025-01-24,9.101030349731445,P035
2025-01-25,9.104188919067383,P035
2025-01-26,9.10689640045166,P035
2024-12-29,5.799176269749799,P036
2024-12-30,5.394305816136033,P036
2024-12-31,4.715212804316675,P036
2025-01-01,5.697050091739525,P036
2025-01-02,5.306600375797192,P036
2025-01-03,4.933011609974154,P036
2025-01-04,5.492339033396009,P036
2025-01-05,5.530202670789986,P036
2025-01-06,5.080773682969534,P036
2025-01-07,4.363640373964755,P036
2025-01-08,5.3142695413348715,P036
2025-01-09,4.8995847767001175,P036
2025-01-10,4.508701711982391,P036
2025-01-11,5.057474656515719,P036
2025-01-12,5.091163364419602,P036
2025-01-13,4.643433058988409,P036
2025-01-14,3.933238137070022,P036
2025-01-15,4.895304737161947,P036
2025-01-16,4.495733169640913,P036
2025-01-17,4.122759507076264,P036
2025-01-18,4.691330013225335,P036
2025-01-19,4.745796336498772,P036
2025-01-20,4.318943757784781,P036
2025-01-21,3.628902079590603,P036
2025-01-22,4.609653530510566,P036
2025-01-23,4.226657923287617,P036
2025-01-24,3.867633677540166,P036
2025-01-25,4.447147792409358,P036
2025-01-26,4.509322213917156,P036
2025-01-27,4.086868532909897,P036
2025-01-01,6.359743595123291,P037
2025-01-02,6.513052463531494,P037
2025-01-03,6.238457202911377,P037
2025-01-04,5.764528274536133,P037
2025-01-05,5.868050575256348,P037
2025-01-06,5.701744079589844,P037
2025-01-07,5.809368133544922,P037
2025-01-08,5.925421714782715,P037
2025-01-09,5.909333229064941,P037
2025-01-10,5.881994247436523,P037
2025-01-11,5.86435604095459,P037
2025-01-12,5.86882209777832,P037
2025-01-13,5.868585586547852,P037
2025-01-14,5.875517845153809,P037
2025-01-15,5.878566265106201,P037
2025-01-16,5.876585483551025,P037
2025-01-17,5.875144004821777,P037
2025-01-18,5.874866962432861,P037
2025-01-19,5.8753156661987305,P037
2025-01-20,5.875586032867432,P037
2025-01-21,5.875885963439941,P037
2025-01-22,5.875911712646484,P037
2025-01-23,5.87580680847168,P037
2025-01-24,5.875776767730713,P037
2025-01-25,5.875805854797363,P037
2025-01-26,5.875845909118652,P037
2025-01-27,5.875870227813721,P037
2025-01-28,5.875882148742676,P037
2025-01-29,5.87588357925415,P037
2025-01-30,5.87588357925415,P037
2024-12-28,2.5251567363739014,P038
2024-12-29,2.5339250564575195,P038
2024-12-30,2.573166847229004,P038
2024-12-31,2.5520927906036377,P038
2025-01-01,2.5903189182281494,P038
2025-01-02,2.639789581298828,P038
2025-01-03,2.407674789428711,P038
2025-01-04,2.4438726902008057,P038
2025-01-05,2.438443899154663,P038
2025-01-06,2.4332447052001953,P038
2025-01-07,2.4266772270202637,P038
2025-01-08,2.4218993186950684,P038
2025-01-09,2.4162230491638184,P038
2025-01-10,2.4054934978485107,P038
2025-01-11,2.405184268951416,P038
2025-01-12,2.4034037590026855,P038
2025-01-13,2.401845932006836,P038
2025-01-14,2.4004855155944824,P038
2025-01-15,2.399379253387451,P038
2025-01-16,2.398441791534424,P038
2025-01-17,2.3976175785064697,P038
2025-01-18,2.397261381149292,P038
2025-01-19,2.396911382675171,P038
2025-01-20,2.396627187728882,P038
2025-01-21,2.39639949798584,P038
2025-01-22,2.396221876144409,P038
2025-01-23,2.3960840702056885,P038
2025-01-24,2.3959784507751465,P038
2025-01-25,2.3959057331085205,P038
2025-01-26,2.395846366882324,P038
2024-12-29,8.482315284908127,P039
2024-12-30,6.566751371625667,P039
2024-12-31,7.002415851706733,P039
2025-01-01,5.478937215589584,P039
2025-01-02,6.402292490401732,P039
2025-01-03,6.358277656421489,P039
2025-01-04,5.548607208056185,P039
2025-01-05,7.58398492421013,P039
2025-01-06,5.6172974915942335,P039
2025-01-07,6.021075385210824,P039
2025-01-08,4.486063799824638,P039
2025-01-09,5.418842245710957,P039
2025-01-10,5.4052673735592265,P039
2025-01-11,4.64655977475933,P039
2025-01-12,6.752377465034826,P039
2025-01-13,4.874027901427089,P039
2025-01-14,5.381962694376211,P039
2025-01-15,3.9643971189756675,P039
2025-01-16,5.02499191519121,P039
2025-01-17,5.146370411446968,P039
2025-01-18,4.526289819468583,P039
2025-01-19,6.7708071917276405,P039
2025-01-20,5.0275894158574355,P039
2025-01-21,5.663508741923367,P039
2025-01-22,4.363363162538618,P039
2025-01-23,5.5276563128473555,P039
2025-01-24,5.736207142049119,P039
2025-01-25,5.18440554164504,P039
2025-01-26,7.476451955141475,P039
2025-01-27,5.758728145619436,P039
2024-12-30,8.53952693939209,P040
2024-12-31,8.56031322479248,P040
2025-01-01,8.5630464553833,P040
2025-01-02,8.41963005065918,P040
2025-01-03,8.430451393127441,P040
2025-01-04,8.356437683105469,P040
2025-01-05,8.372198104858398,P040
2025-01-06,8.375924110412598,P040
2025-01-07,8.374964714050293,P040
2025-01-08,8.373788833618164,P040
2025-01-09,8.37226390838623,P040
2025-01-10,8.372010231018066,P040
2025-01-11,8.371487617492676,P040
2025-01-12,8.371631622314453,P040
2025-01-13,8.371639251708984,P040
2025-01-14,8.371609687805176,P040
2025-01-15,8.371585845947266,P040
2025-01-16,8.371569633483887,P040
2025-01-17,8.371565818786621,P040
2025-01-18,8.371562004089355,P040
2025-01-19,8.371562004089355,P040
2025-01-20,8.371562004089355,P040
2025-01-21,8.371561050415039,P040
2025-01-22,8.371561050415039,P040
2025-01-23,8.371561050415039,P040
2025-01-24,8.371561050415039,P040
2025-01-25,8.371561050415039,P040
2025-01-26,8.371561050415039,P040
2025-01-27,8.371561050415039,P040
2025-01-28,8.371561050415039,P040
